{"cameraMode":{"drawMode":0,"name":"Shaded","section":"Shading Mode"},"sceneLighting":true,"audioPlay":false,"sceneViewState":{"m_AlwaysRefresh":false,"showFog":true,"showSkybox":true,"showFlares":true,"showImageEffects":true,"showParticleSystems":true,"showVisualEffectGraphs":true,"m_FxEnabled":true},"in2DMode":false,"pivot":{"x":0.9089032411575317,"y":-0.5142018795013428,"z":0.8364543914794922},"rotation":{"x":-0.35236868262290957,"y":0.18217870593070985,"z":-0.07014551758766175,"w":-0.9152671098709106},"size":3.011791229248047,"orthographic":false}